{"sessionId":"f93c32ec188af257e41d06e1d1821b5a","capabilities":{"acceptInsecureCerts":false,"browserName":"chrome","browserVersion":"126.0.6478.57","chrome":{"chromedriverVersion":"126.0.6478.126 (d36ace6122e0a59570e258d82441395206d60e1c-refs/branch-heads/6478@{#1591})","userDataDir":"C:/Users/Administrator/Desktop/AMGFS/data/profiles/KFOsQzXz"},"fedcm:accounts":true,"goog:chromeOptions":{"debuggerAddress":"localhost:53435"},"networkConnectionEnabled":false,"pageLoadStrategy":"normal","platformName":"windows","proxy":{},"setWindowRect":true,"strictFileInteractability":false,"timeouts":{"implicit":0,"pageLoad":300000,"script":30000},"unhandledPromptBehavior":"dismiss and notify","webauthn:extension:credBlob":true,"webauthn:extension:largeBlob":true,"webauthn:extension:minPinLength":true,"webauthn:extension:prf":true,"webauthn:virtualAuthenticators":true},"remoteUrl":"http://localhost:53435/wd/hub"}